booking_id,vehicle_id,branch_id,booking_date,pickup_date,return_date,rental_days,days_to_book,channel,customer_segment,daily_rate,discount_pct,revenue,status,peak_period
1,1001,1,2026-01-03,2026-01-10,2026-01-14,4,7,Direct,Leisure,49.00,0,196.00,Completed,1
2,1002,1,2026-01-05,2026-01-08,2026-01-11,3,3,OTA,Leisure,57.00,5,162.45,Completed,0
3,1003,1,2026-01-07,2026-01-20,2026-01-27,7,13,Direct,Leisure,79.00,0,553.00,Completed,1
4,1004,1,2026-01-10,2026-01-12,2026-01-15,3,2,OTA,Leisure,86.00,5,245.10,Completed,1
5,1008,1,2026-01-15,2026-01-22,2026-01-26,4,7,Direct,Corporate,68.00,0,272.00,Completed,1
6,1101,2,2026-02-01,2026-02-05,2026-02-08,3,4,Direct,Corporate,48.00,0,144.00,Completed,0
7,1102,2,2026-02-03,2026-02-10,2026-02-15,5,7,OTA,Leisure,56.00,5,266.00,Completed,0
8,1103,2,2026-02-08,2026-02-20,2026-02-27,7,12,Direct,Leisure,74.00,0,518.00,Completed,1
9,1104,2,2026-02-15,2026-02-17,2026-02-20,3,2,Travel Agent,Leisure,82.00,8,226.32,Completed,1
10,1108,2,2026-02-18,2026-02-25,2026-03-02,5,7,Direct,Corporate,66.00,0,330.00,Completed,0
11,1201,3,2026-03-01,2026-03-05,2026-03-08,3,4,Direct,Corporate,52.00,0,156.00,Completed,0
12,1202,3,2026-03-04,2026-03-10,2026-03-13,3,6,OTA,Leisure,61.00,5,173.85,Completed,0
13,1203,3,2026-03-08,2026-03-20,2026-03-27,7,12,Direct,Leisure,82.00,0,574.00,Completed,1
14,1207,3,2026-03-12,2026-03-18,2026-03-23,5,6,Travel Agent,Leisure,118.00,8,542.80,Completed,1
15,1301,4,2026-04-01,2026-04-05,2026-04-08,3,4,Direct,Leisure,60.00,0,180.00,Completed,0
16,1302,4,2026-04-05,2026-04-12,2026-04-17,5,7,OTA,Leisure,68.00,5,323.00,Completed,0
17,1303,4,2026-04-08,2026-04-20,2026-04-27,7,12,Direct,Leisure,86.00,0,602.00,Completed,1
18,1307,4,2026-04-10,2026-04-15,2026-04-20,5,5,Corporate,Corporate,125.00,0,625.00,Completed,1
19,1501,6,2026-05-01,2026-05-04,2026-05-07,3,3,Direct,Corporate,57.00,0,171.00,Completed,0
20,1502,6,2026-05-04,2026-05-10,2026-05-15,5,6,OTA,Leisure,65.00,5,308.75,Completed,0
21,1503,6,2026-05-08,2026-05-20,2026-05-27,7,12,Direct,Leisure,84.00,0,588.00,Completed,1
22,1509,6,2026-05-10,2026-05-18,2026-05-23,5,8,Travel Agent,Leisure,82.00,8,377.20,Completed,1
23,1701,8,2026-06-01,2026-06-04,2026-06-07,3,3,Direct,Corporate,50.00,0,150.00,Completed,0
24,1702,8,2026-06-05,2026-06-12,2026-06-17,5,7,OTA,Leisure,59.00,5,280.25,Completed,0
25,1703,8,2026-06-08,2026-06-20,2026-06-28,8,12,Direct,Leisure,78.00,0,624.00,Completed,1
26,1708,8,2026-06-10,2026-06-22,2026-06-26,4,12,Direct,Leisure,72.00,0,288.00,Completed,1
27,1901,10,2026-07-01,2026-07-05,2026-07-08,3,4,Direct,Leisure,47.00,0,141.00,Completed,0
28,1902,10,2026-07-04,2026-07-10,2026-07-15,5,6,OTA,Leisure,56.00,5,266.00,Completed,0
29,1903,10,2026-07-07,2026-07-20,2026-07-28,8,13,Direct,Leisure,75.00,0,600.00,Completed,1
30,1909,10,2026-07-10,2026-07-18,2026-07-23,5,8,Travel Agent,Leisure,76.00,8,349.60,Completed,1
31,2001,11,2026-08-01,2026-08-04,2026-08-07,3,3,Direct,Corporate,51.00,0,153.00,Completed,0
32,2002,11,2026-08-05,2026-08-12,2026-08-17,5,7,OTA,Leisure,60.00,5,285.00,Completed,0
33,2003,11,2026-08-08,2026-08-20,2026-08-28,8,12,Direct,Leisure,80.00,0,640.00,Completed,1
34,2101,12,2026-09-01,2026-09-04,2026-09-07,3,3,Direct,Corporate,53.00,0,159.00,Completed,0
35,2102,12,2026-09-05,2026-09-12,2026-09-17,5,7,OTA,Leisure,63.00,5,299.25,Completed,0
36,2103,12,2026-09-08,2026-09-20,2026-09-27,7,12,Direct,Leisure,82.00,0,574.00,Completed,1
37,1008,1,2026-09-10,2026-09-18,2026-09-23,5,8,Direct,Leisure,72.00,0,360.00,Completed,1
38,1109,2,2026-09-12,2026-09-20,2026-09-25,5,8,OTA,Leisure,78.00,5,370.50,Completed,1
39,1509,6,2026-09-15,2026-09-22,2026-09-27,5,7,Direct,Corporate,85.00,0,425.00,Completed,1
40,1708,8,2026-09-18,2026-09-25,2026-09-30,5,7,Direct,Leisure,75.00,0,375.00,Completed,1
