vehicle_id,branch_id,category_code,daily_base_rate,acquisition_year,active_flag
1001,1,EDAV,45.00,2024,1
1002,1,CDAV,52.00,2024,1
1003,1,ICAV,62.00,2024,1
1004,1,IFAV,72.00,2025,1
1005,1,FFBV,82.00,2025,1
1006,1,FFBR,90.00,2025,1
1007,1,PVAV,110.00,2025,1
1008,1,CDAH,60.00,2025,1
1009,1,ICAH,70.00,2025,1
1010,1,IFAH,80.00,2025,1
1011,1,FFAH,98.00,2025,1
1101,2,EDAV,44.00,2024,1
1102,2,CDAV,51.00,2024,1
1103,2,ICAV,61.00,2024,1
1104,2,IFAV,71.00,2025,1
1105,2,FFBV,81.00,2025,1
1106,2,FFBR,89.00,2025,1
1107,2,PVAV,108.00,2025,1
1108,2,CDAH,59.00,2025,1
1109,2,ICAH,69.00,2025,1
1110,2,IFAH,79.00,2025,1
1111,2,FFAH,96.00,2025,1
1201,3,EDAV,48.00,2024,1
1202,3,CDAV,55.00,2024,1
1203,3,ICAV,65.00,2024,1
1204,3,IFAV,75.00,2025,1
1205,3,FFBV,85.00,2025,1
1206,3,FFBR,93.00,2025,1
1207,3,PVAV,112.00,2025,1
1208,3,CDAH,63.00,2025,1
1209,3,ICAH,73.00,2025,1
1210,3,IFAH,83.00,2025,1
1211,3,FFAH,101.00,2025,1
1301,4,EDAV,55.00,2024,1
1302,4,CDAV,62.00,2024,1
1303,4,ICAV,72.00,2024,1
1304,4,IFAV,82.00,2025,1
1305,4,FFBV,92.00,2025,1
1306,4,FFBR,100.00,2025,1
1307,4,PVAV,120.00,2025,1
1308,4,CDAH,70.00,2025,1
1309,4,ICAH,80.00,2025,1
1310,4,IFAH,90.00,2025,1
1311,4,FFAH,108.00,2025,1
1401,5,EDAV,50.00,2024,1
1402,5,CDAV,58.00,2024,1
1403,5,ICAV,68.00,2024,1
1404,5,IFAV,78.00,2025,1
1405,5,FFBV,88.00,2025,1
1406,5,FFBR,96.00,2025,1
1407,5,PVAV,115.00,2025,1
1408,5,CDAH,66.00,2025,1
1409,5,ICAH,76.00,2025,1
1410,5,IFAH,86.00,2025,1
1411,5,FFAH,104.00,2025,1
1501,6,EDAV,52.00,2024,1
1502,6,CDAV,60.00,2024,1
1503,6,ICAV,70.00,2024,1
1504,6,IFAV,80.00,2025,1
1505,6,FFBV,90.00,2025,1
1506,6,FFBR,98.00,2025,1
1507,6,PVAV,118.00,2025,1
1508,6,CDAH,68.00,2025,1
1509,6,ICAH,78.00,2025,1
1510,6,IFAH,88.00,2025,1
1511,6,FFAH,106.00,2025,1
1601,7,EDAV,48.00,2024,1
1602,7,CDAV,56.00,2024,1
1603,7,ICAV,66.00,2024,1
1604,7,IFAV,76.00,2025,1
1605,7,FFBV,86.00,2025,1
1606,7,FFBR,94.00,2025,1
1607,7,PVAV,114.00,2025,1
1608,7,CDAH,64.00,2025,1
1609,7,ICAH,74.00,2025,1
1610,7,IFAH,84.00,2025,1
1611,7,FFAH,102.00,2025,1
1701,8,EDAV,46.00,2024,1
1702,8,CDAV,53.00,2024,1
1703,8,ICAV,63.00,2024,1
1704,8,IFAV,73.00,2025,1
1705,8,FFBV,83.00,2025,1
1706,8,FFBR,91.00,2025,1
1707,8,PVAV,111.00,2025,1
1708,8,CDAH,61.00,2025,1
1709,8,ICAH,71.00,2025,1
1710,8,IFAH,81.00,2025,1
1711,8,FFAH,99.00,2025,1
1801,9,EDAV,44.00,2024,1
1802,9,CDAV,51.00,2024,1
1803,9,ICAV,61.00,2024,1
1804,9,IFAV,71.00,2025,1
1805,9,FFBV,81.00,2025,1
1806,9,FFBR,89.00,2025,1
1807,9,PVAV,108.00,2025,1
1808,9,CDAH,59.00,2025,1
1809,9,ICAH,69.00,2025,1
1810,9,IFAH,79.00,2025,1
1811,9,FFAH,97.00,2025,1
1901,10,EDAV,43.00,2024,1
1902,10,CDAV,50.00,2024,1
1903,10,ICAV,60.00,2024,1
1904,10,IFAV,70.00,2025,1
1905,10,FFBV,80.00,2025,1
1906,10,FFBR,88.00,2025,1
1907,10,PVAV,107.00,2025,1
1908,10,CDAH,58.00,2025,1
1909,10,ICAH,68.00,2025,1
1910,10,IFAH,78.00,2025,1
1911,10,FFAH,95.00,2025,1
2001,11,EDAV,47.00,2024,1
2002,11,CDAV,54.00,2024,1
2003,11,ICAV,64.00,2024,1
2004,11,IFAV,74.00,2025,1
2005,11,FFBV,84.00,2025,1
2006,11,FFBR,92.00,2025,1
2007,11,PVAV,110.00,2025,1
2008,11,CDAH,62.00,2025,1
2009,11,ICAH,72.00,2025,1
2010,11,IFAH,82.00,2025,1
2011,11,FFAH,100.00,2025,1
2101,12,EDAV,49.00,2024,1
2102,12,CDAV,57.00,2024,1
2103,12,ICAV,67.00,2024,1
2104,12,IFAV,77.00,2025,1
2105,12,FFBV,87.00,2025,1
2106,12,FFBR,95.00,2025,1
2107,12,PVAV,114.00,2025,1
2108,12,CDAH,65.00,2025,1
2109,12,ICAH,75.00,2025,1
2110,12,IFAH,85.00,2025,1
2111,12,FFAH,103.00,2025,1
