booking_id,vehicle_id,branch_id,booking_date,pickup_date,return_date,vehicle_category,daily_rate,rental_days,total_revenue,booking_status
B0001,1001,1,2026-07-01,2026-07-05,2026-07-08,EDAV,49,3,147,Completed
B0002,1003,1,2026-07-02,2026-07-10,2026-07-13,CDAV,59,3,177,Completed
B0003,1004,1,2026-07-03,2026-07-15,2026-07-19,ICAV,72,4,288,Completed
B0004,1005,1,2026-07-05,2026-07-20,2026-07-23,IFAV,89,3,267,Completed
B0005,1006,1,2026-07-06,2026-07-25,2026-07-29,FFBV,119,4,476,Completed
B0006,1007,2,2026-07-02,2026-07-06,2026-07-09,EDAV,45,3,135,Completed
B0007,1008,2,2026-07-04,2026-07-12,2026-07-15,CDAV,55,3,165,Completed
B0008,1009,2,2026-07-05,2026-07-18,2026-07-21,ICAV,70,3,210,Completed
B0009,1010,2,2026-07-07,2026-07-22,2026-07-27,PVAV,125,5,625,Completed
B0010,1011,3,2026-07-01,2026-07-04,2026-07-06,EDAV,52,2,104,Completed
B0011,1012,3,2026-07-03,2026-07-08,2026-07-11,CDAV,62,3,186,Completed
B0012,1013,3,2026-07-05,2026-07-14,2026-07-18,ICAV,76,4,304,Completed
B0013,1014,3,2026-07-06,2026-07-19,2026-07-22,IFAV,94,3,282,Completed
B0014,1015,3,2026-07-08,2026-07-24,2026-07-29,FFBR,128,5,640,Completed
B0015,1016,4,2026-07-02,2026-07-05,2026-07-07,EDAV,48,2,96,Completed
B0016,1017,4,2026-07-04,2026-07-09,2026-07-12,CDAV,58,3,174,Completed
B0017,1018,4,2026-07-06,2026-07-16,2026-07-19,ICAV,73,3,219,Completed
B0018,1019,5,2026-07-01,2026-07-03,2026-07-06,EDAV,47,3,141,Completed
B0019,1020,5,2026-07-03,2026-07-10,2026-07-13,CDAV,57,3,171,Completed
B0020,1021,5,2026-07-05,2026-07-17,2026-07-21,ICAH,82,4,328,Completed
B0021,1022,5,2026-07-07,2026-07-23,2026-07-27,IFAH,98,4,392,Completed
B0022,1023,6,2026-07-01,2026-07-05,2026-07-08,EDAV,50,3,150,Completed
B0023,1024,6,2026-07-02,2026-07-11,2026-07-14,CDAV,60,3,180,Completed
B0024,1025,6,2026-07-04,2026-07-18,2026-07-22,ICAV,74,4,296,Completed
B0025,1026,6,2026-07-06,2026-07-24,2026-07-28,IFAV,92,4,368,Completed
B0026,1027,7,2026-07-03,2026-07-07,2026-07-10,EDAV,46,3,138,Completed
B0027,1028,7,2026-07-05,2026-07-13,2026-07-16,CDAV,56,3,168,Completed
B0028,1029,7,2026-07-07,2026-07-20,2026-07-24,ICAV,71,4,284,Completed
B0029,1030,8,2026-07-01,2026-07-06,2026-07-09,EDAV,44,3,132,Completed
B0030,1031,8,2026-07-02,2026-07-12,2026-07-15,CDAV,54,3,162,Completed
B0031,1032,8,2026-07-04,2026-07-17,2026-07-21,ICAV,69,4,276,Completed
B0032,1033,8,2026-07-06,2026-07-22,2026-07-26,IFAV,88,4,352,Completed
B0033,1034,8,2026-07-08,2026-07-25,2026-07-30,FFBV,115,5,575,Completed
B0034,1035,9,2026-07-02,2026-07-05,2026-07-08,EDAV,45,3,135,Completed
B0035,1036,9,2026-07-04,2026-07-10,2026-07-13,CDAV,55,3,165,Completed
B0036,1037,9,2026-07-06,2026-07-16,2026-07-20,ICAV,70,4,280,Completed
B0037,1038,9,2026-07-07,2026-07-23,2026-07-27,IFAH,96,4,384,Completed
B0038,1039,10,2026-07-03,2026-07-08,2026-07-11,EDAV,43,3,129,Completed
B0039,1040,10,2026-07-05,2026-07-14,2026-07-17,CDAV,53,3,159,Completed
B0040,1002,1,2026-07-08,2026-07-28,2026-07-31,EDAV,51,3,153,Completed
