pricing_id,vehicle_category,season,demand_level,base_daily_rate,min_daily_rate,max_daily_rate
P001,EDAV,Low,Low,45,39,55
P002,EDAV,Low,Medium,49,42,60
P003,EDAV,Peak,High,59,49,72
P004,CDAV,Low,Low,55,49,65
P005,CDAV,Low,Medium,59,52,70
P006,CDAV,Peak,High,69,59,82
P007,ICAV,Low,Low,69,60,82
P008,ICAV,Low,Medium,74,65,88
P009,ICAV,Peak,High,89,75,105
P010,IFAV,Low,Low,88,78,105
P011,IFAV,Low,Medium,94,82,112
P012,IFAV,Peak,High,109,92,130
P013,FFBV,Low,Low,115,99,135
P014,FFBV,Low,Medium,125,109,149
P015,FFBV,Peak,High,145,125,175
P016,FFBR,Low,Low,120,105,145
P017,FFBR,Low,Medium,128,112,155
P018,FFBR,Peak,High,149,129,179
P019,PVAV,Low,Low,110,95,130
P020,PVAV,Low,Medium,125,105,149
P021,PVAV,Peak,High,149,125,179
P022,CDAH,Low,Low,62,55,72
P023,CDAH,Low,Medium,68,59,79
P024,CDAH,Peak,High,79,69,92
P025,ICAH,Low,Low,78,69,92
P026,ICAH,Low,Medium,82,72,99
P027,ICAH,Peak,High,99,85,119
P028,IFAH,Low,Low,92,80,109
P029,IFAH,Low,Medium,98,85,119
P030,IFAH,Peak,High,115,99,139
P031,FFAH,Low,Low,125,109,149
P032,FFAH,Low,Medium,135,119,159
P033,FFAH,Peak,High,155,135,185
